Date,Total_Rows_Trained,MAE_Minutes,R2_Score
2026-08-03 05:58:19,21,2.0,-0.842
2026-08-03 07:16:18,42,0.0,1.0
2026-08-04 17:48:33,357,1.05,0.969
2026-08-04 14:52:33,357,1.4,0.943
2026-08-05 08:32:01,525,0.92,0.97
2026-08-05 09:28:35,588,1.09,0.853
2026-08-06 05:49:39,798,0.71,0.973
2026-08-06 06:46:55,819,1.26,0.864
2026-08-07 04:55:23,966,0.57,0.987
2026-08-07 07:43:18,1008,0.94,0.959
2026-08-07 13:44:16,1176,0.83,0.941
2026-08-08 04:11:17,1365,0.58,0.983
2026-08-08 16:14:43,1701,0.72,0.963
2026-08-11 23:59:45,2976,0.83,0.946
2026-08-11 21:04:25,2976,0.72,0.957
2026-08-12 04:48:41,3039,0.69,0.97
2026-08-13 04:51:32,3312,0.75,0.91
2026-08-14 04:49:58,3585,0.88,0.931
2026-08-15 03:40:04,3879,0.59,0.984
2026-08-16 03:49:39,4530,0.68,0.945
2026-08-17 03:51:49,5160,0.6,0.958
2026-08-18 03:45:28,5685,0.64,0.951
2026-08-19 03:47:33,6210,0.55,0.976
2026-08-20 03:47:39,6735,0.59,0.957
2026-08-21 03:51:58,7238,0.59,0.963
2026-08-22 03:42:39,7721,0.62,0.957
